6177321318,6178326800,2018-01-22 03:09:56,0411
6172738077,6174682481,2018-12-21 02:23:15,0824
6175146820,6173708288,2018-07-28 18:10:48,1467
6176050778,6176184060,2018-10-06 19:31:30,1278
6171745447,6178876754,2018-11-15 15:23:54,1103
6175315508,6178616475,2018-04-30 23:50:30,0200
6170266137,6175146820,2018-02-08 06:34:41,0874
6171078738,6175471256,2018-08-09 15:13:10,0187
6171745447,6178876754,2018-07-02 22:15:40,0292
6172174002,6176184060,2018-05-02 16:13:24,0394
6173708288,6175167825,2018-05-10 10:27:15,0941
6173782680,6176184060,2018-03-08 19:15:21,0620
6174682481,6172526644,2018-04-20 12:10:01,0734
